,Matches
2104.11893,Code provided but no matches
2111.12673,"readme_requirements, readme_install"
2105.01937,readme_requirements
2012.09302,"setup.py, pyproject.toml, readme_install"
2111.02997,"setup.py, Dockerfile"
2110.09902,Makefile
2110.11688,Code provided but no matches
2108.09779,"setup.py, readme_install"
2011.11576,Code provided but no matches
2106.07704,"readme_requirements, Dockerfile, readme_setup"
2106.06927,Code provided but no matches
2112.00016,readme_setup
1909.00931,Code provided but no matches
2110.08255,Code provided but no matches
2110.05169,Code provided but no matches
2109.12784,Code provided but no matches
2107.01131,readme_install
2112.04871,readme_dependencies
2109.01372,Code provided but no matches
2111.15449,Code provided but no matches
2009.01947,"Makefile, readme_dependencies"
2106.01528,pyproject.toml
2106.03157,readme_setup
